basedate,id,first_name,last_name
2024-02-02,1,Michael,P.
2024-02-02,2,Shawn,M.
2024-02-02,3,Kathleen,P.
2024-02-02,4,Jimmy,C.
2024-02-02,5,Katherine,R.
2024-02-02,6,Sarah,R.
2024-02-02,7,Martin,M.
2024-02-02,8,Frank,R.
2024-02-02,9,Jennifer,F.
2024-02-02,10,Henry,W.
2024-02-02,11,Fred,S.
2024-02-02,12,Amy,D.
2024-02-02,13,Kathleen,M.
2024-02-02,14,Steve,F.
2024-02-02,15,Teresa,H.
2024-02-02,16,Amanda,H.
2024-02-02,17,Kimberly,R.
2024-02-02,18,Johnny,K.
2024-02-02,19,Virginia,F.
2024-02-02,20,Anna,A.
2024-02-02,21,Willie,H.
2024-02-02,22,Sean,H.
2024-02-02,23,Mildred,A.
2024-02-02,24,David,G.
2024-02-02,25,Victor,H.
2024-02-02,26,Aaron,R.
2024-02-02,27,Benjamin,B.
2024-02-02,28,Lisa,W.
2024-02-02,29,Benjamin,K.
2024-02-02,30,Christina,W.
2024-02-02,31,Jane,G.
2024-02-02,32,Thomas,O.
2024-02-02,33,Katherine,M.
2024-02-02,34,Jennifer,S.
2024-02-02,35,Sara,T.
2024-02-02,36,Harold,O.
2024-02-02,37,Shirley,J.
2024-02-02,38,Dennis,J.
2024-02-02,39,Louise,W.
2024-02-02,40,Maria,A.
2024-02-02,41,Gloria,C.
2024-02-02,42,Diana,S.
2024-02-02,43,Kelly,N.
2024-02-02,44,Jane,R.
2024-02-02,45,Scott,B.
2024-02-02,46,Norma,C.
2024-02-02,47,Marie,P.
2024-02-02,48,Lillian,C.
2024-02-02,49,Judy,N.
2024-02-02,50,Billy,L.
2024-02-02,51,Howard,R.
2024-02-02,52,Laura,F.
2024-02-02,53,Anne,B.
2024-02-02,54,Rose,M.
2024-02-02,55,Nicholas,R.
2024-02-02,56,Joshua,K.
2024-02-02,57,Paul,W.
2024-02-02,58,Kathryn,K.
2024-02-02,59,Adam,A.
2024-02-02,60,Norma,W.
2024-02-02,61,Timothy,R.
2024-02-02,62,Elizabeth,P.
2024-02-02,63,Edward,G.
2024-02-02,64,David,C.
2024-02-02,65,Brenda,W.
2024-02-02,66,Adam,W.
2024-02-02,67,Michael,H.
2024-02-02,68,Jesse,E.
2024-02-02,69,Janet,P.
2024-02-02,70,Helen,F.
2024-02-02,71,Gerald,C.
2024-02-02,72,Kathryn,O.
2024-02-02,73,Alan,B.
2024-02-02,74,Harry,A.
2024-02-02,75,Andrea,H.
2024-02-02,76,Barbara,W.
2024-02-02,77,Anne,W.
2024-02-02,78,Harry,H.
2024-02-02,79,Jack,R.
2024-02-02,80,Phillip,H.
2024-02-02,81,Shirley,H.
2024-02-02,82,Arthur,D.
2024-02-02,83,Virginia,R.
2024-02-02,84,Christina,R.
2024-02-02,85,Theresa,M.
2024-02-02,86,Jason,C.
2024-02-02,87,Phillip,B.
2024-02-02,88,Adam,T.
2024-02-02,89,Margaret,J.
2024-02-02,90,Paul,P.
2024-02-02,91,Todd,W.
2024-02-02,92,Willie,O.
2024-02-02,93,Frances,R.
2024-02-02,94,Gregory,H.
2024-02-02,95,Lisa,P.
2024-02-02,96,Jacqueline,A.
2024-02-02,97,Shirley,D.
2024-02-02,98,Nicole,M.
2024-02-02,99,Mary,G.
2024-02-02,100,Jean,M.
